scenario_type,scheduler_type,seed,tt_rate_mult,tt_deadline,dynamic_config_id,cnt_staleness,cnt_failure_rate,cnt_noise_id,mission_count,experiment,tt_miss_rate,rc_miss_rate,be_miss_rate,tt_misses,rc_misses,be_misses,tt_total,rc_total,be_total,jain_index,mean_utilization,mean_worst_tt_aos,max_worst_tt_aos,mean_sched_time,median_sched_time,p95_sched_time,max_sched_time
scale_2,TwinSync,1000,1.0,3.0,none,0,0.0,none,2,D,0.0,0.0150375939849624,0.4764150943396226,0,4,101,203,266,212,0.957810218978102,51.13636363636363,-2.84,-2.0,7.388450017060677e-06,8.10350002211635e-06,1.1750000339816324e-05,2.391599991824478e-05
scale_2,TwinSync,1001,1.0,3.0,none,0,0.0,none,2,D,0.0,0.0150943396226415,0.4471153846153846,0,4,93,210,265,208,0.9678353353505096,50.44466403162054,-2.86,-2.0,7.137610014069651e-06,8.020999757718528e-06,1.1207999750695308e-05,1.583299945195904e-05
scale_2,TwinSync,1002,1.0,3.0,none,0,0.0,none,2,D,0.0,0.0533807829181494,0.4974619289340101,0,15,98,203,281,197,0.9623401652075236,48.86363636363636,-2.87,-2.0,7.307400005629461e-06,8.396000339416787e-06,1.1502050256240182e-05,1.7749999642546754e-05
scale_2,FIFO,1000,1.0,3.0,none,0,0.0,none,2,D,0.4679802955665024,0.3345864661654135,0.0,95,89,0,203,266,212,0.8551753102868977,53.11264822134387,-0.04,1.0,3.866810002364218e-06,3.853999714920064e-06,4.962200318914255e-06,5.750000127591193e-06
scale_2,FIFO,1001,1.0,3.0,none,0,0.0,none,2,D,0.4571428571428571,0.3396226415094339,0.0,96,90,0,210,265,208,0.8618196280443923,51.48221343873517,0.095,1.0,3.853884963973542e-06,3.8124999264255166e-06,5.083050336907036e-06,5.791000148747116e-06
scale_2,FIFO,1002,1.0,3.0,none,0,0.0,none,2,D,0.4433497536945813,0.3665480427046263,0.0,90,103,0,203,281,197,0.8648269410664172,50.64229249011857,-0.08,1.0,4.046604990435299e-06,4.021000222564908e-06,5.210099516261834e-06,7.167000148911029e-06
scale_2,RoundRobin,1000,1.0,3.0,none,0,0.0,none,2,D,0.458128078817734,0.4097744360902255,0.589622641509434,93,109,125,203,266,212,0.8769248378481496,32.11462450592885,0.07,1.0,1.650625004003814e-06,1.6250005501206033e-06,2.467299918862406e-06,8.207999599108007e-06
scale_2,RoundRobin,1001,1.0,3.0,none,0,0.0,none,2,D,0.4238095238095238,0.4188679245283019,0.5721153846153846,89,111,119,210,265,208,0.8935619314205738,31.373517786561266,0.03,1.0,1.6524649890925502e-06,1.6250005501206033e-06,2.5041999379027387e-06,3.832999937003478e-06
scale_2,RoundRobin,1002,1.0,3.0,none,0,0.0,none,2,D,0.4187192118226601,0.4448398576512455,0.6040609137055838,85,125,119,203,281,197,0.864909288261746,30.63241106719368,-0.215,1.0,1.6335250074916985e-06,1.6249996406259015e-06,2.3749998945277184e-06,8.957999853009824e-06
scale_4,TwinSync,1000,1.0,3.0,none,0,0.0,none,4,D,0.0,0.0,0.175438596491228,0,0,70,398,530,399,0.9907568602425016,50.75757575757575,-2.835,-2.0,1.1405075006223344e-05,1.1270500181126408e-05,1.4877049579808954e-05,1.9999999494757503e-05
scale_4,TwinSync,1001,1.0,3.0,none,0,0.0,none,4,D,0.0,0.0,0.1492537313432835,0,0,60,408,506,402,0.9914052450043308,50.715488215488215,-2.825,-2.0,1.0873854989768006e-05,1.1000000085914508e-05,1.412705023540184e-05,1.6582999705860857e-05
scale_4,TwinSync,1002,1.0,3.0,none,0,0.0,none,4,D,0.0,0.0,0.1742424242424242,0,0,69,411,545,396,0.989951101560932,51.53619528619529,-2.875,-2.0,1.1424240010455832e-05,1.1291499959042994e-05,1.5432699774464703e-05,2.808299996104324e-05
scale_4,FIFO,1000,1.0,3.0,none,0,0.0,none,4,D,0.2085427135678391,0.0641509433962264,0.0,83,34,0,398,530,399,0.9692696423796244,51.83080808080808,-0.115,1.0,7.121184999050456e-06,7.124500370991882e-06,9.502100465397232e-06,1.0083000233862547e-05
scale_4,FIFO,1001,1.0,3.0,none,0,0.0,none,4,D,0.2034313725490196,0.0474308300395256,0.0,83,24,0,408,506,402,0.9720277171954972,51.59932659932659,-0.175,1.0,7.10139498096396e-06,6.854500043118605e-06,9.588100465407478e-06,2.5958000151149463e-05
scale_4,FIFO,1002,1.0,3.0,none,0,0.0,none,4,D,0.1995133819951338,0.0678899082568807,0.0,82,37,0,411,545,396,0.9683845058058548,52.44107744107743,-0.325,1.0,6.987605006543163e-06,6.957999630685663e-06,9.207999937643764e-06,2.6083000193466432e-05
scale_4,RoundRobin,1000,1.0,3.0,none,0,0.0,none,4,D,0.6733668341708543,0.6283018867924528,0.7243107769423559,268,333,289,398,530,399,0.9540335619111334,14.541245791245792,0.81,1.0,2.501665017007326e-06,2.5624999580031727e-06,3.958999559472431e-06,7.249999725900125e-06
scale_4,RoundRobin,1001,1.0,3.0,none,0,0.0,none,4,D,0.6887254901960784,0.6324110671936759,0.7139303482587065,281,320,287,408,506,402,0.9826747359677228,14.351851851851851,0.77,1.0,2.496424995115376e-06,2.499999936844688e-06,4.295200551496235e-06,8.750000233703759e-06
scale_4,RoundRobin,1002,1.0,3.0,none,0,0.0,none,4,D,0.6982968369829684,0.6422018348623854,0.702020202020202,287,350,278,411,545,396,0.9463836305941568,14.730639730639728,0.805,1.0,2.7352000097380368e-06,2.5829999685811345e-06,4.249999619787559e-06,8.750000233703759e-06
scale_6,TwinSync,1000,1.0,3.0,none,0,0.0,none,6,D,0.0,0.0,0.0952380952380952,0,0,58,600,790,609,0.9923408492148038,61.88685415304119,-2.67,-2.0,1.6009624987418645e-05,1.5437000001838896e-05,2.158605002477998e-05,3.545800063875504e-05
scale_6,TwinSync,1001,1.0,3.0,none,0,0.0,none,6,D,0.0,0.0,0.0701168614357262,0,0,42,600,774,599,0.9882087813953288,61.657946370176575,-2.69,-2.0,1.4552749980794032e-05,1.4770500456506852e-05,2.0006249542348083e-05,2.2791999981564004e-05
scale_6,TwinSync,1002,1.0,3.0,none,0,0.0,none,6,D,0.0,0.0,0.1008547008547008,0,0,59,607,796,585,0.9936417284126686,61.21648136036625,-2.67,-2.0,1.4812055005677394e-05,1.4332999853650108e-05,2.021220002461632e-05,3.2498999644303694e-05
scale_6,FIFO,1000,1.0,3.0,none,0,0.0,none,6,D,0.1433333333333333,0.0278481012658227,0.0,86,22,0,600,790,609,0.9773738419429254,62.52452583387834,-0.03,1.0,1.0228195005765885e-05,1.0062500223284587e-05,1.404409977112664e-05,1.7750000552041456e-05
scale_6,FIFO,1001,1.0,3.0,none,0,0.0,none,6,D,0.1116666666666666,0.0090439276485788,0.0,67,7,0,600,774,599,0.9787523649736024,62.58992805755396,-0.365,1.0,9.790739954951278e-06,9.31249996938277e-06,1.354520004497317e-05,2.762500025710324e-05
scale_6,FIFO,1002,1.0,3.0,none,0,0.0,none,6,D,0.1532125205930807,0.028894472361809,0.0,93,23,0,607,796,585,0.9775004360600108,61.93590582079791,-0.015,1.0,1.0469039957570202e-05,1.0000000202126104e-05,1.3429449563773228e-05,4.145699949731352e-05
scale_6,RoundRobin,1000,1.0,3.0,none,0,0.0,none,6,D,0.8016666666666666,0.7291139240506329,0.722495894909688,481,576,440,600,790,609,0.9471099010265278,12.965990843688688,0.905,1.0,3.487635044621129e-06,3.3125002119049896e-06,5.671100552717688e-06,1.0916000064753462e-05
scale_6,RoundRobin,1001,1.0,3.0,none,0,0.0,none,6,D,0.8083333333333333,0.7325581395348837,0.7228714524207012,485,567,433,600,774,599,0.9175641664430902,12.49182472204055,0.925,1.0,3.269134958827635e-06,3.228999958082568e-06,5.71219966332137e-06,7.167000148911029e-06
scale_6,RoundRobin,1002,1.0,3.0,none,0,0.0,none,6,D,0.7775947281713345,0.7324120603015075,0.7504273504273504,472,583,439,607,796,585,0.9342336486844324,12.589928057553957,0.915,1.0,3.322450011182809e-06,3.3340002119075507e-06,5.7080496389971815e-06,7.499999810534064e-06
balanced,TwinSync,1000,1.0,3.0,none,0,0.0,none,2,D,0.0,0.0,0.0018484288354898,0,0,1,398,800,541,0.9999996527548692,218.4375,-3.0,-3.0,1.8663925043256317e-05,2.045800010819221e-05,2.5434750386921217e-05,3.0500000320898835e-05
balanced,TwinSync,1001,1.0,3.0,none,0,0.0,none,2,D,0.0,0.0,0.0108695652173913,0,0,6,408,800,552,0.9999986288541196,219.25,-3.0,-3.0,1.8242650016873087e-05,2.00414997379994e-05,2.631185066093166e-05,4.42080008724588e-05
balanced,TwinSync,1002,1.0,3.0,none,0,0.0,none,2,D,0.0,0.0,0.0219378427787934,0,0,12,411,800,547,0.999999656811435,218.6875,-3.0,-3.0,1.6754980019868527e-05,1.654149991736631e-05,2.479199979461555e-05,3.2625000130792614e-05
balanced,FIFO,1000,1.0,3.0,none,0,0.0,none,2,D,0.0,0.0,0.0,0,0,0,398,800,541,0.9999836470976936,225.125,-1.93,0.0,4.995359995518811e-06,4.91700029670028e-06,6.004150191074585e-06,9.749999662744813e-06
balanced,FIFO,1001,1.0,3.0,none,0,0.0,none,2,D,0.0073529411764705,0.0,0.0,3,0,0,408,800,552,0.9999447562574162,227.8125,-1.475,1.0,6.142404981801519e-06,5.208000402490143e-06,7.677400299144207e-06,7.541600007243687e-05
balanced,FIFO,1002,1.0,3.0,none,0,0.0,none,2,D,0.0097323600973236,0.0,0.0,4,0,0,411,800,547,0.9999048822086284,226.5625,-1.275,1.0,5.52227005300665e-06,5.375000000640284e-06,7.339250214499768e-06,1.141600023402134e-05
balanced,RoundRobin,1000,1.0,3.0,none,0,0.0,none,2,D,0.4120603015075377,0.33625,0.5841035120147874,164,269,316,398,800,541,0.9922913518860986,111.5,0.47,1.0,5.233099973338539e-06,5.041499662183924e-06,6.881249601065062e-06,1.3499000488081949e-05
balanced,RoundRobin,1001,1.0,3.0,none,0,0.0,none,2,D,0.446078431372549,0.335,0.5652173913043478,182,268,312,408,800,552,0.99283230129782,112.375,0.52,1.0,5.193924966988561e-06,5.04200033901725e-06,7.4642993695306335e-06,1.0541999472479802e-05
balanced,RoundRobin,1002,1.0,3.0,none,0,0.0,none,2,D,0.4476885644768856,0.335,0.5886654478976234,184,268,322,411,800,547,0.9921904943282588,111.4375,0.415,1.0,5.123455007378653e-06,4.999999873689376e-06,6.961000508454162e-06,1.262400019186316e-05
asymmetric,TwinSync,1000,1.0,3.0,none,0,0.0,none,2,D,0.0,0.0,0.8984375,0,0,230,271,338,256,0.988041132749021,67.64285714285714,-2.92,-2.0,1.2692330005847908e-05,1.3041499641985864e-05,1.5511549372604345e-05,2.808299996104324e-05
asymmetric,TwinSync,1001,1.0,3.0,none,0,0.0,none,2,D,0.0,0.0,0.8960573476702509,0,0,250,264,327,279,0.988764331210191,65.57142857142857,-2.92,-2.0,1.3150679978934932e-05,1.3790999219054356e-05,1.5841299500607416e-05,1.874999998108251e-05
asymmetric,TwinSync,1002,1.0,3.0,none,0,0.0,none,2,D,0.0,0.0,0.908745247148289,0,0,239,257,331,263,0.9844086327657878,65.64285714285714,-2.92,-2.0,1.2699845015049503e-05,1.287500072066905e-05,1.587704991834471e-05,3.079200087086065e-05
asymmetric,FIFO,1000,1.0,3.0,none,0,0.0,none,2,D,0.8191881918819188,0.5414201183431953,0.0,222,183,0,271,338,256,0.9977589027587908,74.42857142857143,0.815,1.0,4.893694990641961e-06,4.874999831372406e-06,5.500000042957254e-06,1.249999968422344e-05
asymmetric,FIFO,1001,1.0,3.0,none,0,0.0,none,2,D,0.8863636363636364,0.6024464831804281,0.0,234,197,0,264,327,279,1.0,74.21428571428572,0.695,1.0,5.106605003675213e-06,4.999999873689376e-06,5.625000085274223e-06,1.808300021366449e-05
asymmetric,FIFO,1002,1.0,3.0,none,0,0.0,none,2,D,0.8910505836575876,0.5649546827794562,0.0,229,187,0,257,331,263,0.9999451333260178,73.92857142857143,0.825,1.0,4.748724982164276e-06,4.749999789055437e-06,5.249999958323315e-06,1.0083000233862547e-05
asymmetric,RoundRobin,1000,1.0,3.0,none,0,0.0,none,2,D,0.4059040590405904,0.4556213017751479,0.8984375,110,154,230,271,338,256,0.9464757011647956,35.49999999999999,-0.02,1.0,1.8341949953537552e-06,1.958499979082262e-06,2.791999622786534e-06,7.249999725900125e-06
asymmetric,RoundRobin,1001,1.0,3.0,none,0,0.0,none,2,D,0.3901515151515151,0.4587155963302752,0.8960573476702509,103,150,250,264,327,279,0.9533594863159452,34.49999999999999,-0.245,1.0,1.7972399609789137e-06,1.99999976757681e-06,2.457999516991549e-06,3.2910002119024284e-06
asymmetric,RoundRobin,1002,1.0,3.0,none,0,0.0,none,2,D,0.4085603112840467,0.4471299093655589,0.908745247148289,105,148,239,257,331,263,0.936283185840708,35.14285714285713,-0.11,1.0,1.7926450027516693e-06,1.957999756996287e-06,2.466349496899053e-06,4.042000000481494e-06
artemis,TwinSync,1000,1.0,3.0,none,0,0.0,none,6,D,0.0,0.0,0.198394495412844,0,0,173,598,727,872,0.9774490764141992,101.575,-2.78,-1.0,2.1345324994399563e-05,2.14789997698972e-05,2.8983000265725413e-05,7.349899988184916e-05
artemis,TwinSync,1001,1.0,3.0,none,0,0.0,none,6,D,0.0,0.0,0.2151029748283753,0,0,188,590,717,874,0.9833675320792428,99.9,-2.78,-1.0,2.1448724992296776e-05,2.181250010835356e-05,3.101360002801811e-05,3.841600027953973e-05
artemis,TwinSync,1002,1.0,3.0,none,0,0.0,none,6,D,0.0,0.0,0.1925754060324826,0,0,166,612,718,862,0.9753846116067372,101.325,-2.78,-1.0,2.01380900125514e-05,2.0436999875528272e-05,2.8755250150425125e-05,3.591600034269504e-05
artemis,FIFO,1000,1.0,3.0,none,0,0.0,none,6,D,0.3712374581939799,0.1925722145804676,0.0,222,140,0,598,727,872,0.931839580850598,101.925,0.84,1.0,1.423921499736025e-05,1.4082999769016167e-05,1.9756250276259375e-05,2.9333000384212937e-05
artemis,FIFO,1001,1.0,3.0,none,0,0.0,none,6,D,0.411864406779661,0.207810320781032,0.0,243,149,0,590,717,874,0.9318477996640596,100.425,0.795,1.0,1.4489384943772164e-05,1.435450030840002e-05,2.1110049419803532e-05,2.8290999580349308e-05
artemis,FIFO,1002,1.0,3.0,none,0,0.0,none,6,D,0.3578431372549019,0.1685236768802228,0.0,219,121,0,612,718,862,0.931663394736182,102.0,0.8,1.0,1.4083375003792752e-05,1.3875000149710104e-05,2.033505006693304e-05,4.029100000479957e-05
artemis,RoundRobin,1000,1.0,3.0,none,0,0.0,none,6,D,0.782608695652174,0.7469050894085282,0.7293577981651376,468,543,636,598,727,872,0.9513952666902156,20.65,0.945,1.0,3.729329982888885e-06,3.645499418780673e-06,7.173200128818278e-06,1.2583000170707235e-05
artemis,RoundRobin,1001,1.0,3.0,none,0,0.0,none,6,D,0.8016949152542373,0.7461645746164575,0.7356979405034325,473,535,643,590,717,874,0.9630796451165335,20.2,0.93,1.0,3.626205061664223e-06,3.625000317697413e-06,6.586050403711851e-06,1.370799964206526e-05
artemis,RoundRobin,1002,1.0,3.0,none,0,0.0,none,6,D,0.7777777777777778,0.7493036211699164,0.7308584686774942,476,538,630,612,718,862,0.9433870589417954,21.125,0.94,1.0,3.910555019501771e-06,3.85449993700604e-06,7.549349857072226e-06,1.5623999388481025e-05
